{
  "rows": [
    {
      "avg_elapsed_ms": 54.56784159924913,
      "avg_queries": 2499.0,
      "ber": 0.1462109375,
      "bler": 1.0,
      "decoder": "baseline",
      "fallback_rate": 0.0,
      "median_queries": 2499.0,
      "num_samples": 1200,
      "oracle_pool_hit_rate": 0.0016666666666666668,
      "p95_queries": 2499.0,
      "p99_queries": 2499.0,
      "profile": "C",
      "profile_id": 1,
      "snr_db": -2.0
    },
    {
      "avg_elapsed_ms": 67.98170133054857,
      "avg_queries": 1799.0,
      "ber": 0.1462109375,
      "bler": 1.0,
      "decoder": "nsgrand",
      "fallback_rate": 1.0,
      "median_queries": 1799.0,
      "num_samples": 1200,
      "oracle_pool_hit_rate": 0.005833333333333334,
      "p95_queries": 1799.0,
      "p99_queries": 1799.0,
      "profile": "C",
      "profile_id": 1,
      "snr_db": -2.0
    }
  ]
}