stage,count,bler,avg_queries
fallback_fail,14111,1.0,4015.7212104032315
ai,5212,0.023215656178050652,9.714313123561013
hard_decision,2037,0.0,0.0
fallback,240,0.008333333333333333,1752.8375
