{
  "rows": [
    {
      "avg_elapsed_ms": 39.82900172942512,
      "avg_queries": 1031.5933333333332,
      "ber": 0.020032552083333332,
      "bler": 0.37,
      "decoder": "baseline",
      "fallback_rate": 0.0,
      "median_queries": 205.5,
      "num_samples": 1200,
      "oracle_pool_hit_rate": 0.8191666666666667,
      "p95_queries": 2499.0,
      "p99_queries": 2499.0,
      "profile": "A",
      "profile_id": 0,
      "snr_db": 4.0
    },
    {
      "avg_elapsed_ms": 22.0048461426389,
      "avg_queries": 531.2633333333333,
      "ber": 0.018821614583333333,
      "bler": 0.33,
      "decoder": "nsgrand",
      "fallback_rate": 0.2725,
      "median_queries": 1.0,
      "num_samples": 1200,
      "oracle_pool_hit_rate": 0.9436363636363636,
      "p95_queries": 1799.0,
      "p99_queries": 1799.0,
      "profile": "A",
      "profile_id": 0,
      "snr_db": 4.0
    }
  ]
}