{
  "rows": [
    {
      "avg_elapsed_ms": 23.5043597228893,
      "avg_queries": 380.8208333333333,
      "ber": 0.007838541666666667,
      "bler": 0.1375,
      "decoder": "baseline",
      "fallback_rate": 0.0,
      "median_queries": 2.0,
      "num_samples": 1200,
      "oracle_pool_hit_rate": 0.9275,
      "p95_queries": 2499.0,
      "p99_queries": 2499.0,
      "profile": "A",
      "profile_id": 0,
      "snr_db": 6.0
    },
    {
      "avg_elapsed_ms": 9.543343635474836,
      "avg_queries": 213.61583333333334,
      "ber": 0.00755859375,
      "bler": 0.12833333333333333,
      "decoder": "nsgrand",
      "fallback_rate": 0.11416666666666667,
      "median_queries": 1.0,
      "num_samples": 1200,
      "oracle_pool_hit_rate": 0.9730820995962315,
      "p95_queries": 1799.0,
      "p99_queries": 1799.0,
      "profile": "A",
      "profile_id": 0,
      "snr_db": 6.0
    }
  ]
}