{
  "rows": [
    {
      "avg_elapsed_ms": 15.097763035271782,
      "avg_queries": 715.864,
      "ber": 0.08375,
      "bler": 0.876,
      "decoder": "baseline",
      "fallback_rate": 0.0,
      "median_queries": 799.0,
      "num_samples": 250,
      "oracle_pool_hit_rate": 0.357429718875502,
      "p95_queries": 799.0,
      "p99_queries": 799.0,
      "profile": "A",
      "profile_id": 0,
      "snr_db": 0.0
    },
    {
      "avg_elapsed_ms": 16.425093348545488,
      "avg_queries": 421.104,
      "ber": 0.075375,
      "bler": 0.736,
      "decoder": "nsgrand",
      "fallback_rate": 0.656,
      "median_queries": 599.0,
      "num_samples": 250,
      "oracle_pool_hit_rate": 0.5863453815261044,
      "p95_queries": 599.0,
      "p99_queries": 599.0,
      "profile": "A",
      "profile_id": 0,
      "snr_db": 0.0
    }
  ]
}