{
  "rows": [
    {
      "avg_elapsed_ms": 32.46341768293254,
      "avg_queries": 389.9675,
      "ber": 0.004166666666666667,
      "bler": 0.11416666666666667,
      "decoder": "baseline",
      "fallback_rate": 0.0,
      "median_queries": 18.0,
      "num_samples": 1200,
      "oracle_pool_hit_rate": 0.9599666388657214,
      "p95_queries": 2499.0,
      "p99_queries": 2499.0,
      "profile": "E",
      "profile_id": 2,
      "snr_db": 4.0
    },
    {
      "avg_elapsed_ms": 7.150459295080509,
      "avg_queries": 126.56833333333333,
      "ber": 0.003841145833333333,
      "bler": 0.10333333333333333,
      "decoder": "nsgrand",
      "fallback_rate": 0.056666666666666664,
      "median_queries": 1.0,
      "num_samples": 1200,
      "oracle_pool_hit_rate": 0.9970760233918129,
      "p95_queries": 1799.0,
      "p99_queries": 1799.0,
      "profile": "E",
      "profile_id": 2,
      "snr_db": 4.0
    }
  ]
}