{
  "rows": [
    {
      "avg_elapsed_ms": 54.41153169645986,
      "avg_queries": 2499.0,
      "ber": 0.136015625,
      "bler": 1.0,
      "decoder": "baseline",
      "fallback_rate": 0.0,
      "median_queries": 2499.0,
      "num_samples": 1200,
      "oracle_pool_hit_rate": 0.0008333333333333334,
      "p95_queries": 2499.0,
      "p99_queries": 2499.0,
      "profile": "E",
      "profile_id": 2,
      "snr_db": -2.0
    },
    {
      "avg_elapsed_ms": 67.95700704909298,
      "avg_queries": 1799.0,
      "ber": 0.136015625,
      "bler": 1.0,
      "decoder": "nsgrand",
      "fallback_rate": 1.0,
      "median_queries": 1799.0,
      "num_samples": 1200,
      "oracle_pool_hit_rate": 0.008333333333333333,
      "p95_queries": 1799.0,
      "p99_queries": 1799.0,
      "profile": "E",
      "profile_id": 2,
      "snr_db": -2.0
    }
  ]
}