{
  "rows": [
    {
      "avg_elapsed_ms": 53.992436927971234,
      "avg_queries": 2222.96,
      "ber": 0.05527994791666667,
      "bler": 0.8633333333333333,
      "decoder": "baseline",
      "fallback_rate": 0.0,
      "median_queries": 2499.0,
      "num_samples": 1200,
      "oracle_pool_hit_rate": 0.37833333333333335,
      "p95_queries": 2499.0,
      "p99_queries": 2499.0,
      "profile": "A",
      "profile_id": 0,
      "snr_db": 2.0
    },
    {
      "avg_elapsed_ms": 54.19035231541784,
      "avg_queries": 1349.1666666666667,
      "ber": 0.052747395833333335,
      "bler": 0.7783333333333333,
      "decoder": "nsgrand",
      "fallback_rate": 0.7191666666666666,
      "median_queries": 1799.0,
      "num_samples": 1200,
      "oracle_pool_hit_rate": 0.7312186978297162,
      "p95_queries": 1799.0,
      "p99_queries": 1799.0,
      "profile": "A",
      "profile_id": 0,
      "snr_db": 2.0
    }
  ]
}