{
  "rows": [
    {
      "avg_elapsed_ms": 55.39582013623052,
      "avg_queries": 2498.4083333333333,
      "ber": 0.09770182291666667,
      "bler": 0.9991666666666666,
      "decoder": "baseline",
      "fallback_rate": 0.0,
      "median_queries": 2499.0,
      "num_samples": 1200,
      "oracle_pool_hit_rate": 0.030833333333333334,
      "p95_queries": 2499.0,
      "p99_queries": 2499.0,
      "profile": "A",
      "profile_id": 0,
      "snr_db": 0.0
    },
    {
      "avg_elapsed_ms": 69.11390706174036,
      "avg_queries": 1780.245,
      "ber": 0.09743489583333333,
      "bler": 0.9908333333333333,
      "decoder": "nsgrand",
      "fallback_rate": 0.9875,
      "median_queries": 1799.0,
      "num_samples": 1200,
      "oracle_pool_hit_rate": 0.19666666666666666,
      "p95_queries": 1799.0,
      "p99_queries": 1799.0,
      "profile": "A",
      "profile_id": 0,
      "snr_db": 0.0
    }
  ]
}