{
  "rows": [
    {
      "avg_elapsed_ms": 52.89257172989892,
      "avg_queries": 2221.0425,
      "ber": 0.05169270833333333,
      "bler": 0.8608333333333333,
      "decoder": "baseline",
      "fallback_rate": 0.0,
      "median_queries": 2499.0,
      "num_samples": 1200,
      "oracle_pool_hit_rate": 0.41,
      "p95_queries": 2499.0,
      "p99_queries": 2499.0,
      "profile": "C",
      "profile_id": 1,
      "snr_db": 2.0
    },
    {
      "avg_elapsed_ms": 51.691300716556725,
      "avg_queries": 1316.9258333333332,
      "ber": 0.048828125,
      "bler": 0.7658333333333334,
      "decoder": "nsgrand",
      "fallback_rate": 0.6983333333333334,
      "median_queries": 1799.0,
      "num_samples": 1200,
      "oracle_pool_hit_rate": 0.7393483709273183,
      "p95_queries": 1799.0,
      "p99_queries": 1799.0,
      "profile": "C",
      "profile_id": 1,
      "snr_db": 2.0
    }
  ]
}