{
  "rows": [
    {
      "avg_elapsed_ms": 57.25184741711322,
      "avg_queries": 2495.409166666667,
      "ber": 0.08385416666666666,
      "bler": 0.9983333333333333,
      "decoder": "baseline",
      "fallback_rate": 0.0,
      "median_queries": 2499.0,
      "num_samples": 1200,
      "oracle_pool_hit_rate": 0.041666666666666664,
      "p95_queries": 2499.0,
      "p99_queries": 2499.0,
      "profile": "E",
      "profile_id": 2,
      "snr_db": 0.0
    },
    {
      "avg_elapsed_ms": 71.4283626232888,
      "avg_queries": 1775.8075,
      "ber": 0.08358072916666667,
      "bler": 0.9908333333333333,
      "decoder": "nsgrand",
      "fallback_rate": 0.9841666666666666,
      "median_queries": 1799.0,
      "num_samples": 1200,
      "oracle_pool_hit_rate": 0.2841666666666667,
      "p95_queries": 1799.0,
      "p99_queries": 1799.0,
      "profile": "E",
      "profile_id": 2,
      "snr_db": 0.0
    }
  ]
}