{
  "rows": [
    {
      "avg_elapsed_ms": 39.413997046989,
      "avg_queries": 947.0366666666666,
      "ber": 0.018372395833333333,
      "bler": 0.335,
      "decoder": "baseline",
      "fallback_rate": 0.0,
      "median_queries": 127.5,
      "num_samples": 1200,
      "oracle_pool_hit_rate": 0.8283333333333334,
      "p95_queries": 2499.0,
      "p99_queries": 2499.0,
      "profile": "C",
      "profile_id": 1,
      "snr_db": 4.0
    },
    {
      "avg_elapsed_ms": 20.334089480141603,
      "avg_queries": 476.45916666666665,
      "ber": 0.017220052083333333,
      "bler": 0.295,
      "decoder": "nsgrand",
      "fallback_rate": 0.245,
      "median_queries": 1.0,
      "num_samples": 1200,
      "oracle_pool_hit_rate": 0.9449954914337241,
      "p95_queries": 1799.0,
      "p99_queries": 1799.0,
      "profile": "C",
      "profile_id": 1,
      "snr_db": 4.0
    }
  ]
}