{
  "rows": [
    {
      "avg_elapsed_ms": 51.190540208287224,
      "avg_queries": 2010.5825,
      "ber": 0.03634765625,
      "bler": 0.7583333333333333,
      "decoder": "baseline",
      "fallback_rate": 0.0,
      "median_queries": 2499.0,
      "num_samples": 1200,
      "oracle_pool_hit_rate": 0.5554628857381151,
      "p95_queries": 2499.0,
      "p99_queries": 2499.0,
      "profile": "E",
      "profile_id": 2,
      "snr_db": 2.0
    },
    {
      "avg_elapsed_ms": 42.5400853103929,
      "avg_queries": 1071.4725,
      "ber": 0.032916666666666664,
      "bler": 0.645,
      "decoder": "nsgrand",
      "fallback_rate": 0.555,
      "median_queries": 1799.0,
      "num_samples": 1200,
      "oracle_pool_hit_rate": 0.8558256496227996,
      "p95_queries": 1799.0,
      "p99_queries": 1799.0,
      "profile": "E",
      "profile_id": 2,
      "snr_db": 2.0
    }
  ]
}