{
  "rows": [
    {
      "avg_elapsed_ms": 55.19811632567629,
      "avg_queries": 2495.2183333333332,
      "ber": 0.09712890625,
      "bler": 0.9983333333333333,
      "decoder": "baseline",
      "fallback_rate": 0.0,
      "median_queries": 2499.0,
      "num_samples": 1200,
      "oracle_pool_hit_rate": 0.030833333333333334,
      "p95_queries": 2499.0,
      "p99_queries": 2499.0,
      "profile": "C",
      "profile_id": 1,
      "snr_db": 0.0
    },
    {
      "avg_elapsed_ms": 68.78973698910461,
      "avg_queries": 1777.53,
      "ber": 0.09684895833333333,
      "bler": 0.99,
      "decoder": "nsgrand",
      "fallback_rate": 0.9866666666666667,
      "median_queries": 1799.0,
      "num_samples": 1200,
      "oracle_pool_hit_rate": 0.19166666666666668,
      "p95_queries": 1799.0,
      "p99_queries": 1799.0,
      "profile": "C",
      "profile_id": 1,
      "snr_db": 0.0
    }
  ]
}